mode,device_id,gpu_name,compute_capability,precision,input_type,accumulator_type,output_type,m,n,k,median_ms,p90_ms,throughput,unit,best,validation,status,algorithm,workspace_bytes,message
isolated,0,NVIDIA RTX 6000D,12.0,int4,,,,0,0,0,0.000000,0.000000,0.000000,,False,NOT_RUN,UNSUPPORTED,,0,"cuBLASLt does not provide a dense INT4 GEMM kernel; INT4 Tensor Core is used via inference frameworks (CUTLASS/quantized paths), not standard dense GEMM APIs"
isolated,0,NVIDIA RTX 6000D,12.0,int8,INT8,INT32,INT32,4096,4096,4096,0.351456,1.092640,391.055947,TOPS,True,PASS,OK,cuBLASLt algo 21 layout=TN per-tensor scale,0,"actual=4096, expected=4096, tolerance=1e-06"
isolated,0,NVIDIA RTX 6000D,12.0,int8,INT8,INT32,INT32,8192,8192,8192,3.875168,4.058912,283.732629,TOPS,False,PASS,OK,cuBLASLt algo 21 layout=TN per-tensor scale,0,"actual=8192, expected=8192, tolerance=1e-06"
isolated,0,NVIDIA RTX 6000D,12.0,int8,INT8,INT32,INT32,16384,16384,16384,30.662209,30.713184,286.870824,TOPS,False,PASS,OK,cuBLASLt algo 21 layout=TN per-tensor scale,0,"actual=16384, expected=16384, tolerance=1e-06"
isolated,0,NVIDIA RTX 6000D,12.0,fp8_e4m3,FP8_E4M3,FP32,FP16,4096,4096,4096,0.477408,0.699264,287.885741,TFLOPS,True,PASS,OK,cuBLASLt algo 35 layout=TN per-tensor scale,0,"actual=1024, expected=1024, tolerance=30.72"
isolated,0,NVIDIA RTX 6000D,12.0,fp8_e4m3,FP8_E4M3,FP32,FP16,8192,8192,8192,3.909088,4.068832,281.270633,TFLOPS,False,PASS,OK,cuBLASLt algo 35 layout=TN per-tensor scale,0,"actual=2048, expected=2048, tolerance=61.44"
isolated,0,NVIDIA RTX 6000D,12.0,fp8_e4m3,FP8_E4M3,FP32,FP16,16384,16384,16384,30.617056,31.128321,287.293888,TFLOPS,False,PASS,OK,cuBLASLt algo 35 layout=TN per-tensor scale,0,"actual=4096, expected=4096, tolerance=122.88"
isolated,0,NVIDIA RTX 6000D,12.0,nvfp4,FP4_E2M1,FP32,BF16,4096,4096,4096,0.145280,0.903040,946.028016,TFLOPS,True,PASS,OK,cuBLASLt NVFP4 block-scaled (VEC16_UE4M3) layout=TN,0,"actual=1024, expected=1024, tolerance=30.72"
isolated,0,NVIDIA RTX 6000D,12.0,nvfp4,FP4_E2M1,FP32,BF16,8192,8192,8192,1.758720,2.580192,625.177176,TFLOPS,False,PASS,OK,cuBLASLt NVFP4 block-scaled (VEC16_UE4M3) layout=TN,0,"actual=2048, expected=2048, tolerance=61.44"
isolated,0,NVIDIA RTX 6000D,12.0,nvfp4,FP4_E2M1,FP32,BF16,16384,16384,16384,15.486656,15.597344,567.978840,TFLOPS,False,PASS,OK,cuBLASLt NVFP4 block-scaled (VEC16_UE4M3) layout=TN,0,"actual=4096, expected=4096, tolerance=122.88"
isolated,0,NVIDIA RTX 6000D,12.0,fp16,FP16,FP32,FP16,4096,4096,4096,1.163200,1.335008,118.155907,TFLOPS,False,PASS,OK,cuBLASLt algo 21 layout=NN per-tensor scale,0,"actual=1024, expected=1024, tolerance=30.72"
isolated,0,NVIDIA RTX 6000D,12.0,fp16,FP16,FP32,FP16,8192,8192,8192,7.328448,9.418208,150.033357,TFLOPS,True,PASS,OK,cuBLASLt algo 21 layout=NN per-tensor scale,0,"actual=2048, expected=2048, tolerance=61.44"
isolated,0,NVIDIA RTX 6000D,12.0,fp16,FP16,FP32,FP16,16384,16384,16384,61.135681,61.341022,143.878221,TFLOPS,False,PASS,OK,cuBLASLt algo 21 layout=NN per-tensor scale,65536,"actual=4096, expected=4096, tolerance=122.88"
isolated,0,NVIDIA RTX 6000D,12.0,bf16,BF16,FP32,BF16,4096,4096,4096,1.021120,1.381376,134.596286,TFLOPS,False,PASS,OK,cuBLASLt algo 21 layout=NN per-tensor scale,0,"actual=1024, expected=1024, tolerance=30.72"
isolated,0,NVIDIA RTX 6000D,12.0,bf16,BF16,FP32,BF16,8192,8192,8192,7.304224,9.423584,150.530929,TFLOPS,True,PASS,OK,cuBLASLt algo 21 layout=NN per-tensor scale,0,"actual=2048, expected=2048, tolerance=61.44"
isolated,0,NVIDIA RTX 6000D,12.0,bf16,BF16,FP32,BF16,16384,16384,16384,61.173504,61.331806,143.789263,TFLOPS,False,PASS,OK,cuBLASLt algo 21 layout=NN per-tensor scale,0,"actual=4096, expected=4096, tolerance=122.88"
isolated,0,NVIDIA RTX 6000D,12.0,tf32,FP32,FP32,FP32,4096,4096,4096,1.969600,2.898240,69.780136,TFLOPS,False,PASS,OK,cuBLASLt algo 21 layout=NN per-tensor scale,0,"actual=1024, expected=1024, tolerance=30.72"
isolated,0,NVIDIA RTX 6000D,12.0,tf32,FP32,FP32,FP32,8192,8192,8192,15.348128,15.428320,71.638157,TFLOPS,False,PASS,OK,cuBLASLt algo 21 layout=NN per-tensor scale,16384,"actual=2048, expected=2048, tolerance=61.44"
isolated,0,NVIDIA RTX 6000D,12.0,tf32,FP32,FP32,FP32,12288,12288,12288,51.355137,53.266975,72.258628,TFLOPS,True,PASS,OK,cuBLASLt algo 21 layout=NN per-tensor scale,18432,"actual=3072, expected=3072, tolerance=92.16"
isolated,0,NVIDIA RTX 6000D,12.0,fp32,FP32,FP32,FP32,4096,4096,4096,2.106816,2.108224,65.235384,TFLOPS,False,PASS,OK,cuBLASLt algo 20 layout=NN per-tensor scale,2048,"actual=1024, expected=1024, tolerance=0.01024"
isolated,0,NVIDIA RTX 6000D,12.0,fp32,FP32,FP32,FP32,8192,8192,8192,16.283457,16.287489,67.523232,TFLOPS,True,PASS,OK,cuBLASLt algo 20 layout=NN per-tensor scale,8192,"actual=2048, expected=2048, tolerance=0.02048"
isolated,0,NVIDIA RTX 6000D,12.0,fp32,FP32,FP32,FP32,12288,12288,12288,55.608097,55.655842,66.732220,TFLOPS,False,PASS,OK,cuBLASLt algo 20 layout=NN per-tensor scale,18432,"actual=3072, expected=3072, tolerance=0.03072"
isolated,0,NVIDIA RTX 6000D,12.0,fp64,FP64,FP64,FP64,2048,2048,2048,13.305824,13.307648,1.291154,TFLOPS,False,PASS,OK,cuBLASLt algo 22 layout=NN per-tensor scale,0,"actual=512, expected=512, tolerance=1e-06"
isolated,0,NVIDIA RTX 6000D,12.0,fp64,FP64,FP64,FP64,4096,4096,4096,104.387100,104.390175,1.316628,TFLOPS,False,PASS,OK,cuBLASLt algo 22 layout=NN per-tensor scale,0,"actual=1024, expected=1024, tolerance=1e-06"
isolated,0,NVIDIA RTX 6000D,12.0,fp64,FP64,FP64,FP64,6144,6144,6144,351.515167,351.518341,1.319592,TFLOPS,True,PASS,OK,cuBLASLt algo 22 layout=NN per-tensor scale,0,"actual=1536, expected=1536, tolerance=1e-06"
